r_cm,v_cms,temp,peak,snr,width_us,conf,area,power_percent,latency_ms,rmse_cm,mae_cm,resolution_mm,snr_norm_r,area_norm_r,width_rel,energy_density,stability_std,snr_variance,echo_consistency,gt_distance_cm,material,timestamp
18.1,0.0,25.0,5092.26,5.35,388.85,1.0,87179.0,19.8,156.0,0.39,0.35,3.86,0.27704717237756665,4581.1865373467535,19.490797324803715,237.65738787632753,0.3579106033634652,0.061124999999999916,3254.968337034938,20,Hand,2026-02-08T06:34:08.049862
18.1,0.0,25.0,5092.26,5.35,388.85,1.0,87179.0,19.8,156.0,0.39,0.35,3.86,0.27704717237756665,4581.1865373467535,19.490797324803715,237.65738787632753,0.3579106033634652,0.061124999999999916,3254.968337034938,20,Hand,2026-02-08T06:34:08.049862
18.1,0.0,25.0,5092.26,5.35,388.85,1.0,87179.0,19.8,156.0,0.39,0.35,3.86,0.27704717237756665,4581.1865373467535,19.490797324803715,237.65738787632753,0.3579106033634652,0.061124999999999916,3254.968337034938,20,Hand,2026-02-08T06:34:08.049862
18.1,0.0,25.0,5092.26,5.35,388.85,1.0,87179.0,19.8,156.0,0.39,0.35,3.86,0.27704717237756665,4581.1865373467535,19.490797324803715,237.65738787632753,0.3579106033634652,0.061124999999999916,3254.968337034938,20,Hand,2026-02-08T06:34:08.049862
18.1,0.0,25.0,5092.26,5.35,388.85,1.0,87179.0,19.8,156.0,0.39,0.35,3.86,0.27704717237756665,4581.1865373467535,19.490797324803715,237.65738787632753,0.3579106033634652,0.061124999999999916,3254.968337034938,20,Hand,2026-02-08T06:34:08.049862
18.1,0.22,25.0,4722.65,4.91,399.96,1.0,87448.4,19.8,156.0,0.39,0.35,3.88,0.27704717237756665,4581.1865373467535,19.490797324803715,237.65738787632753,0.3579106033634652,0.061124999999999916,3254.968337034938,20,Hand,2026-02-08T06:34:08.049862
18.1,0.22,25.0,4722.65,4.91,399.96,1.0,87448.4,19.8,156.0,0.39,0.35,3.88,0.27704717237756665,4581.1865373467535,19.490797324803715,237.65738787632753,0.3579106033634652,0.061124999999999916,3254.968337034938,20,Hand,2026-02-08T06:34:08.049862
18.1,0.22,25.0,4722.65,4.91,399.96,1.0,87448.4,19.8,156.0,0.39,0.35,3.88,0.27704717237756665,4581.1865373467535,19.490797324803715,237.65738787632753,0.3579106033634652,0.061124999999999916,3254.968337034938,20,Hand,2026-02-08T06:34:08.049862
18.1,0.22,25.0,4722.65,4.91,399.96,1.0,87448.4,19.8,156.0,0.39,0.35,3.88,0.27704717237756665,4581.1865373467535,19.490797324803715,237.65738787632753,0.3579106033634652,0.061124999999999916,3254.968337034938,20,Hand,2026-02-08T06:34:08.049862
18.1,0.22,25.0,4722.65,4.91,399.96,1.0,87448.4,19.8,156.0,0.39,0.35,3.88,0.27704717237756665,4581.1865373467535,19.490797324803715,237.65738787632753,0.3579106033634652,0.061124999999999916,3254.968337034938,20,Hand,2026-02-08T06:34:08.049862
18.6,1.97,25.0,4709.14,4.86,344.41,1.0,82877.2,19.8,156.0,0.31,0.27,3.07,0.27704717237756665,4581.1865373467535,19.490797324803715,237.65738787632753,0.3579106033634652,0.061124999999999916,3254.968337034938,20,Hand,2026-02-08T06:34:08.049862
18.6,1.97,25.0,4709.14,4.86,344.41,1.0,82877.2,19.8,156.0,0.31,0.27,3.07,0.27704717237756665,4581.1865373467535,19.490797324803715,237.65738787632753,0.3579106033634652,0.061124999999999916,3254.968337034938,20,Hand,2026-02-08T06:34:08.049862
18.6,1.97,25.0,4709.14,4.86,344.41,1.0,82877.2,19.8,156.0,0.31,0.27,3.07,0.27704717237756665,4581.1865373467535,19.490797324803715,237.65738787632753,0.3579106033634652,0.061124999999999916,3254.968337034938,20,Hand,2026-02-08T06:34:08.049862
18.6,1.97,25.0,4709.14,4.86,344.41,1.0,82877.2,19.8,156.0,0.31,0.27,3.07,0.27704717237756665,4581.1865373467535,19.490797324803715,237.65738787632753,0.3579106033634652,0.061124999999999916,3254.968337034938,20,Hand,2026-02-08T06:34:08.049862
18.6,1.97,25.0,4709.14,4.86,344.41,1.0,82877.2,19.8,156.0,0.31,0.27,3.07,0.27704717237756665,4581.1865373467535,19.490797324803715,237.65738787632753,0.3579106033634652,0.061124999999999916,3254.968337034938,20,Hand,2026-02-08T06:34:08.049862
18.6,1.97,25.0,4709.14,4.86,344.41,1.0,82877.2,19.8,156.0,0.31,0.27,3.07,0.27704717237756665,4581.1865373467535,19.490797324803715,237.65738787632753,0.3579106033634652,0.061124999999999916,3254.968337034938,20,Hand,2026-02-08T06:34:08.049862
19.0,1.97,25.0,5284.56,5.41,288.86,1.0,79085.3,19.8,156.0,0.31,0.27,3.07,0.27704717237756665,4581.1865373467535,19.490797324803715,237.65738787632753,0.3579106033634652,0.061124999999999916,3254.968337034938,20,Hand,2026-02-08T06:34:08.049862
19.0,1.97,25.0,5284.56,5.41,288.86,1.0,79085.3,19.8,156.0,0.31,0.27,3.07,0.27704717237756665,4581.1865373467535,19.490797324803715,237.65738787632753,0.3579106033634652,0.061124999999999916,3254.968337034938,20,Hand,2026-02-08T06:34:08.049862
19.0,1.97,25.0,5284.56,5.41,288.86,1.0,79085.3,19.8,156.0,0.31,0.27,3.07,0.27704717237756665,4581.1865373467535,19.490797324803715,237.65738787632753,0.3579106033634652,0.061124999999999916,3254.968337034938,20,Hand,2026-02-08T06:34:08.049862
19.0,1.97,25.0,5284.56,5.41,288.86,1.0,79085.3,19.8,156.0,0.31,0.27,3.07,0.27704717237756665,4581.1865373467535,19.490797324803715,237.65738787632753,0.3579106033634652,0.061124999999999916,3254.968337034938,20,Hand,2026-02-08T06:34:08.049862
31.4,0.0,25.0,12261.83,44.25,199.98,1.0,115479.7,19.8,156.0,0.26,0.22,2.65,1.4323317157011428,3687.6932989586494,6.097919674451522,606.4665409555662,0.045825756949559045,1.8876747499999964,1540.316584666931,30,Hand,2026-02-08T06:34:24.179931
31.4,0.0,25.0,12261.83,44.25,199.98,1.0,115479.7,19.8,156.0,0.26,0.22,2.65,1.4323317157011428,3687.6932989586494,6.097919674451522,606.4665409555662,0.045825756949559045,1.8876747499999964,1540.316584666931,30,Hand,2026-02-08T06:34:24.179931
31.4,0.0,25.0,12261.83,44.25,199.98,1.0,115479.7,19.8,156.0,0.26,0.22,2.65,1.4323317157011428,3687.6932989586494,6.097919674451522,606.4665409555662,0.045825756949559045,1.8876747499999964,1540.316584666931,30,Hand,2026-02-08T06:34:24.179931
31.4,0.22,25.0,12029.9,43.25,199.98,1.0,113900.8,19.8,156.0,0.2,0.17,2.03,1.4323317157011428,3687.6932989586494,6.097919674451522,606.4665409555662,0.045825756949559045,1.8876747499999964,1540.316584666931,30,Hand,2026-02-08T06:34:24.179931
31.4,0.22,25.0,12029.9,43.25,199.98,1.0,113900.8,19.8,156.0,0.2,0.17,2.03,1.4323317157011428,3687.6932989586494,6.097919674451522,606.4665409555662,0.045825756949559045,1.8876747499999964,1540.316584666931,30,Hand,2026-02-08T06:34:24.179931
31.4,0.22,25.0,12029.9,43.25,199.98,1.0,113900.8,19.8,156.0,0.2,0.17,2.03,1.4323317157011428,3687.6932989586494,6.097919674451522,606.4665409555662,0.045825756949559045,1.8876747499999964,1540.316584666931,30,Hand,2026-02-08T06:34:24.179931
31.4,0.22,25.0,12029.9,43.25,199.98,1.0,113900.8,19.8,156.0,0.2,0.17,2.03,1.4323317157011428,3687.6932989586494,6.097919674451522,606.4665409555662,0.045825756949559045,1.8876747499999964,1540.316584666931,30,Hand,2026-02-08T06:34:24.179931
31.4,0.22,25.0,12029.9,43.25,199.98,1.0,113900.8,19.8,156.0,0.2,0.17,2.03,1.4323317157011428,3687.6932989586494,6.097919674451522,606.4665409555662,0.045825756949559045,1.8876747499999964,1540.316584666931,30,Hand,2026-02-08T06:34:24.179931
31.4,0.22,25.0,12029.9,43.25,199.98,1.0,113900.8,19.8,156.0,0.2,0.17,2.03,1.4323317157011428,3687.6932989586494,6.097919674451522,606.4665409555662,0.045825756949559045,1.8876747499999964,1540.316584666931,30,Hand,2026-02-08T06:34:24.179931
31.4,0.0,25.0,12811.49,45.83,188.87,1.0,116620.9,19.8,156.0,0.15,0.12,1.47,1.4323317157011428,3687.6932989586494,6.097919674451522,606.4665409555662,0.045825756949559045,1.8876747499999964,1540.316584666931,30,Hand,2026-02-08T06:34:24.179931
31.4,0.0,25.0,12811.49,45.83,188.87,1.0,116620.9,19.8,156.0,0.15,0.12,1.47,1.4323317157011428,3687.6932989586494,6.097919674451522,606.4665409555662,0.045825756949559045,1.8876747499999964,1540.316584666931,30,Hand,2026-02-08T06:34:24.179931
31.4,0.0,25.0,12811.49,45.83,188.87,1.0,116620.9,19.8,156.0,0.15,0.12,1.47,1.4323317157011428,3687.6932989586494,6.097919674451522,606.4665409555662,0.045825756949559045,1.8876747499999964,1540.316584666931,30,Hand,2026-02-08T06:34:24.179931
31.4,0.0,25.0,12811.49,45.83,188.87,1.0,116620.9,19.8,156.0,0.15,0.12,1.47,1.4323317157011428,3687.6932989586494,6.097919674451522,606.4665409555662,0.045825756949559045,1.8876747499999964,1540.316584666931,30,Hand,2026-02-08T06:34:24.179931
31.4,0.0,25.0,12811.49,45.83,188.87,1.0,116620.9,19.8,156.0,0.15,0.12,1.47,1.4323317157011428,3687.6932989586494,6.097919674451522,606.4665409555662,0.045825756949559045,1.8876747499999964,1540.316584666931,30,Hand,2026-02-08T06:34:24.179931
31.5,0.22,25.0,13108.58,46.66,177.76,1.0,117141.3,19.8,156.0,0.11,0.09,1.12,1.4323317157011428,3687.6932989586494,6.097919674451522,606.4665409555662,0.045825756949559045,1.8876747499999964,1540.316584666931,30,Hand,2026-02-08T06:34:24.179931
31.5,0.22,25.0,13108.58,46.66,177.76,1.0,117141.3,19.8,156.0,0.11,0.09,1.12,1.4323317157011428,3687.6932989586494,6.097919674451522,606.4665409555662,0.045825756949559045,1.8876747499999964,1540.316584666931,30,Hand,2026-02-08T06:34:24.179931
31.5,0.22,25.0,13108.58,46.66,177.76,1.0,117141.3,19.8,156.0,0.11,0.09,1.12,1.4323317157011428,3687.6932989586494,6.097919674451522,606.4665409555662,0.045825756949559045,1.8876747499999964,1540.316584666931,30,Hand,2026-02-08T06:34:24.179931
31.5,0.22,25.0,13108.58,46.66,177.76,1.0,117141.3,19.8,156.0,0.11,0.09,1.12,1.4323317157011428,3687.6932989586494,6.097919674451522,606.4665409555662,0.045825756949559045,1.8876747499999964,1540.316584666931,30,Hand,2026-02-08T06:34:24.179931
31.5,0.22,25.0,13108.58,46.66,177.76,1.0,117141.3,19.8,156.0,0.11,0.09,1.12,1.4323317157011428,3687.6932989586494,6.097919674451522,606.4665409555662,0.045825756949559045,1.8876747499999964,1540.316584666931,30,Hand,2026-02-08T06:34:24.179931
31.5,0.22,25.0,12910.03,45.69,199.98,1.0,119455.1,19.8,156.0,0.09,0.08,0.95,1.4323317157011428,3687.6932989586494,6.097919674451522,606.4665409555662,0.045825756949559045,1.8876747499999964,1540.316584666931,30,Hand,2026-02-08T06:34:24.179931
36.6,0.22,25.0,5202.36,23.21,622.16,1.0,141566.2,19.8,156.0,0.17,0.15,1.7,0.6284173019981196,4319.830085647978,17.704530765827236,244.61782731573786,0.10488088481701563,4.629785999999998,4986.747196279353,40,Hand,2026-02-08T06:34:35.589342
36.8,0.87,25.0,4840.75,21.62,655.49,1.0,155622.5,19.8,156.0,0.14,0.13,1.41,0.6284173019981196,4319.830085647978,17.704530765827236,244.61782731573786,0.10488088481701563,4.629785999999998,4986.747196279353,40,Hand,2026-02-08T06:34:35.589342
36.8,0.87,25.0,4840.75,21.62,655.49,1.0,155622.5,19.8,156.0,0.14,0.13,1.41,0.6284173019981196,4319.830085647978,17.704530765827236,244.61782731573786,0.10488088481701563,4.629785999999998,4986.747196279353,40,Hand,2026-02-08T06:34:35.589342
36.8,0.87,25.0,4840.75,21.62,655.49,1.0,155622.5,19.8,156.0,0.14,0.13,1.41,0.6284173019981196,4319.830085647978,17.704530765827236,244.61782731573786,0.10488088481701563,4.629785999999998,4986.747196279353,40,Hand,2026-02-08T06:34:35.589342
36.8,0.87,25.0,4840.75,21.62,655.49,1.0,155622.5,19.8,156.0,0.14,0.13,1.41,0.6284173019981196,4319.830085647978,17.704530765827236,244.61782731573786,0.10488088481701563,4.629785999999998,4986.747196279353,40,Hand,2026-02-08T06:34:35.589342
36.8,0.87,25.0,4840.75,21.62,655.49,1.0,155622.5,19.8,156.0,0.14,0.13,1.41,0.6284173019981196,4319.830085647978,17.704530765827236,244.61782731573786,0.10488088481701563,4.629785999999998,4986.747196279353,40,Hand,2026-02-08T06:34:35.589342
36.9,0.44,25.0,4778.11,21.38,699.93,1.0,163013.1,19.8,156.0,0.15,0.14,1.46,0.6284173019981196,4319.830085647978,17.704530765827236,244.61782731573786,0.10488088481701563,4.629785999999998,4986.747196279353,40,Hand,2026-02-08T06:34:35.589342
36.9,0.44,25.0,4778.11,21.38,699.93,1.0,163013.1,19.8,156.0,0.15,0.14,1.46,0.6284173019981196,4319.830085647978,17.704530765827236,244.61782731573786,0.10488088481701563,4.629785999999998,4986.747196279353,40,Hand,2026-02-08T06:34:35.589342
36.9,0.44,25.0,4778.11,21.38,699.93,1.0,163013.1,19.8,156.0,0.15,0.14,1.46,0.6284173019981196,4319.830085647978,17.704530765827236,244.61782731573786,0.10488088481701563,4.629785999999998,4986.747196279353,40,Hand,2026-02-08T06:34:35.589342
36.9,0.44,25.0,4778.11,21.38,699.93,1.0,163013.1,19.8,156.0,0.15,0.14,1.46,0.6284173019981196,4319.830085647978,17.704530765827236,244.61782731573786,0.10488088481701563,4.629785999999998,4986.747196279353,40,Hand,2026-02-08T06:34:35.589342
36.9,0.44,25.0,4778.11,21.38,699.93,1.0,163013.1,19.8,156.0,0.15,0.14,1.46,0.6284173019981196,4319.830085647978,17.704530765827236,244.61782731573786,0.10488088481701563,4.629785999999998,4986.747196279353,40,Hand,2026-02-08T06:34:35.589342
36.9,0.44,25.0,4778.11,21.38,699.93,1.0,163013.1,19.8,156.0,0.15,0.14,1.46,0.6284173019981196,4319.830085647978,17.704530765827236,244.61782731573786,0.10488088481701563,4.629785999999998,4986.747196279353,40,Hand,2026-02-08T06:34:35.589342
37.0,0.44,25.0,5453.07,24.41,633.27,1.0,161135.3,19.8,156.0,0.16,0.15,1.61,0.6284173019981196,4319.830085647978,17.704530765827236,244.61782731573786,0.10488088481701563,4.629785999999998,4986.747196279353,40,Hand,2026-02-08T06:34:35.589342
37.0,0.44,25.0,5453.07,24.41,633.27,1.0,161135.3,19.8,156.0,0.16,0.15,1.61,0.6284173019981196,4319.830085647978,17.704530765827236,244.61782731573786,0.10488088481701563,4.629785999999998,4986.747196279353,40,Hand,2026-02-08T06:34:35.589342
37.0,0.44,25.0,5453.07,24.41,633.27,1.0,161135.3,19.8,156.0,0.16,0.15,1.61,0.6284173019981196,4319.830085647978,17.704530765827236,244.61782731573786,0.10488088481701563,4.629785999999998,4986.747196279353,40,Hand,2026-02-08T06:34:35.589342
37.0,0.44,25.0,5453.07,24.41,633.27,1.0,161135.3,19.8,156.0,0.16,0.15,1.61,0.6284173019981196,4319.830085647978,17.704530765827236,244.61782731573786,0.10488088481701563,4.629785999999998,4986.747196279353,40,Hand,2026-02-08T06:34:35.589342
37.0,0.44,25.0,5453.07,24.41,633.27,1.0,161135.3,19.8,156.0,0.16,0.15,1.61,0.6284173019981196,4319.830085647978,17.704530765827236,244.61782731573786,0.10488088481701563,4.629785999999998,4986.747196279353,40,Hand,2026-02-08T06:34:35.589342
37.0,0.22,25.0,6119.65,27.4,599.94,1.0,161604.6,19.8,156.0,0.17,0.15,1.74,0.6284173019981196,4319.830085647978,17.704530765827236,244.61782731573786,0.10488088481701563,4.629785999999998,4986.747196279353,40,Hand,2026-02-08T06:34:35.589342
37.0,0.22,25.0,6119.65,27.4,599.94,1.0,161604.6,19.8,156.0,0.17,0.15,1.74,0.6284173019981196,4319.830085647978,17.704530765827236,244.61782731573786,0.10488088481701563,4.629785999999998,4986.747196279353,40,Hand,2026-02-08T06:34:35.589342
37.0,0.22,25.0,6119.65,27.4,599.94,1.0,161604.6,19.8,156.0,0.17,0.15,1.74,0.6284173019981196,4319.830085647978,17.704530765827236,244.61782731573786,0.10488088481701563,4.629785999999998,4986.747196279353,40,Hand,2026-02-08T06:34:35.589342
44.8,0.0,25.0,2125.53,10.62,799.92,1.0,80568.5,19.8,156.0,0.13,0.11,1.28,0.23892232401984925,1840.6951423731675,17.639863262861375,104.35669103882219,0.17168284713389367,0.039204750000000094,1200.306904878916,50,Hand,2026-02-08T06:34:55.216713
44.8,0.0,25.0,2125.53,10.62,799.92,1.0,80568.5,19.8,156.0,0.13,0.11,1.28,0.23892232401984925,1840.6951423731675,17.639863262861375,104.35669103882219,0.17168284713389367,0.039204750000000094,1200.306904878916,50,Hand,2026-02-08T06:34:55.216713
44.8,0.0,25.0,2125.53,10.62,799.92,1.0,80568.5,19.8,156.0,0.13,0.11,1.28,0.23892232401984925,1840.6951423731675,17.639863262861375,104.35669103882219,0.17168284713389367,0.039204750000000094,1200.306904878916,50,Hand,2026-02-08T06:34:55.216713
44.8,-0.22,25.0,2194.14,10.96,788.81,1.0,81178.5,19.8,156.0,0.12,0.1,1.16,0.23892232401984925,1840.6951423731675,17.639863262861375,104.35669103882219,0.17168284713389367,0.039204750000000094,1200.306904878916,50,Hand,2026-02-08T06:34:55.216713
44.8,-0.22,25.0,2194.14,10.96,788.81,1.0,81178.5,19.8,156.0,0.12,0.1,1.16,0.23892232401984925,1840.6951423731675,17.639863262861375,104.35669103882219,0.17168284713389367,0.039204750000000094,1200.306904878916,50,Hand,2026-02-08T06:34:55.216713
44.8,-0.22,25.0,2194.14,10.96,788.81,1.0,81178.5,19.8,156.0,0.12,0.1,1.16,0.23892232401984925,1840.6951423731675,17.639863262861375,104.35669103882219,0.17168284713389367,0.039204750000000094,1200.306904878916,50,Hand,2026-02-08T06:34:55.216713
44.8,-0.22,25.0,2194.14,10.96,788.81,1.0,81178.5,19.8,156.0,0.12,0.1,1.16,0.23892232401984925,1840.6951423731675,17.639863262861375,104.35669103882219,0.17168284713389367,0.039204750000000094,1200.306904878916,50,Hand,2026-02-08T06:34:55.216713
44.8,-0.22,25.0,2194.14,10.96,788.81,1.0,81178.5,19.8,156.0,0.12,0.1,1.16,0.23892232401984925,1840.6951423731675,17.639863262861375,104.35669103882219,0.17168284713389367,0.039204750000000094,1200.306904878916,50,Hand,2026-02-08T06:34:55.216713
44.8,-0.22,25.0,2194.14,10.96,788.81,1.0,81178.5,19.8,156.0,0.12,0.1,1.16,0.23892232401984925,1840.6951423731675,17.639863262861375,104.35669103882219,0.17168284713389367,0.039204750000000094,1200.306904878916,50,Hand,2026-02-08T06:34:55.216713
44.7,-0.22,25.0,2122.71,10.59,777.7,1.0,82533.5,19.8,156.0,0.1,0.08,1.0,0.23892232401984925,1840.6951423731675,17.639863262861375,104.35669103882219,0.17168284713389367,0.039204750000000094,1200.306904878916,50,Hand,2026-02-08T06:34:55.216713
44.7,-0.22,25.0,2122.71,10.59,777.7,1.0,82533.5,19.8,156.0,0.1,0.08,1.0,0.23892232401984925,1840.6951423731675,17.639863262861375,104.35669103882219,0.17168284713389367,0.039204750000000094,1200.306904878916,50,Hand,2026-02-08T06:34:55.216713
44.7,-0.22,25.0,2122.71,10.59,777.7,1.0,82533.5,19.8,156.0,0.1,0.08,1.0,0.23892232401984925,1840.6951423731675,17.639863262861375,104.35669103882219,0.17168284713389367,0.039204750000000094,1200.306904878916,50,Hand,2026-02-08T06:34:55.216713
44.7,-0.22,25.0,2122.71,10.59,777.7,1.0,82533.5,19.8,156.0,0.1,0.08,1.0,0.23892232401984925,1840.6951423731675,17.639863262861375,104.35669103882219,0.17168284713389367,0.039204750000000094,1200.306904878916,50,Hand,2026-02-08T06:34:55.216713
44.7,-0.22,25.0,2122.71,10.59,777.7,1.0,82533.5,19.8,156.0,0.1,0.08,1.0,0.23892232401984925,1840.6951423731675,17.639863262861375,104.35669103882219,0.17168284713389367,0.039204750000000094,1200.306904878916,50,Hand,2026-02-08T06:34:55.216713
44.4,-1.31,25.0,2099.23,10.47,788.81,1.0,83728.3,19.8,156.0,0.12,0.1,1.24,0.23892232401984925,1840.6951423731675,17.639863262861375,104.35669103882219,0.17168284713389367,0.039204750000000094,1200.306904878916,50,Hand,2026-02-08T06:34:55.216713
44.4,-1.31,25.0,2099.23,10.47,788.81,1.0,83728.3,19.8,156.0,0.12,0.1,1.24,0.23892232401984925,1840.6951423731675,17.639863262861375,104.35669103882219,0.17168284713389367,0.039204750000000094,1200.306904878916,50,Hand,2026-02-08T06:34:55.216713
44.4,-1.31,25.0,2099.23,10.47,788.81,1.0,83728.3,19.8,156.0,0.12,0.1,1.24,0.23892232401984925,1840.6951423731675,17.639863262861375,104.35669103882219,0.17168284713389367,0.039204750000000094,1200.306904878916,50,Hand,2026-02-08T06:34:55.216713
44.4,-1.31,25.0,2099.23,10.47,788.81,1.0,83728.3,19.8,156.0,0.12,0.1,1.24,0.23892232401984925,1840.6951423731675,17.639863262861375,104.35669103882219,0.17168284713389367,0.039204750000000094,1200.306904878916,50,Hand,2026-02-08T06:34:55.216713
44.4,-1.31,25.0,2099.23,10.47,788.81,1.0,83728.3,19.8,156.0,0.12,0.1,1.24,0.23892232401984925,1840.6951423731675,17.639863262861375,104.35669103882219,0.17168284713389367,0.039204750000000094,1200.306904878916,50,Hand,2026-02-08T06:34:55.216713
44.4,-1.31,25.0,2099.23,10.47,788.81,1.0,83728.3,19.8,156.0,0.12,0.1,1.24,0.23892232401984925,1840.6951423731675,17.639863262861375,104.35669103882219,0.17168284713389367,0.039204750000000094,1200.306904878916,50,Hand,2026-02-08T06:34:55.216713
55.7,-1.31,25.0,1852.51,9.14,866.58,1.0,82612.0,19.8,156.0,0.44,0.36,4.4,0.1637948200302619,1474.2051622636222,15.487093329512174,95.18952259861348,0.23958297101421966,0.006449999999999949,447.8483455367449,20,hand3,2026-02-08T06:59:34.345861
55.7,-1.31,25.0,1852.51,9.14,866.58,1.0,82612.0,19.8,156.0,0.44,0.36,4.4,0.1637948200302619,1474.2051622636222,15.487093329512174,95.18952259861348,0.23958297101421966,0.006449999999999949,447.8483455367449,20,hand3,2026-02-08T06:59:34.345861
55.7,-1.31,25.0,1852.51,9.14,866.58,1.0,82612.0,19.8,156.0,0.44,0.36,4.4,0.1637948200302619,1474.2051622636222,15.487093329512174,95.18952259861348,0.23958297101421966,0.006449999999999949,447.8483455367449,20,hand3,2026-02-08T06:59:34.345861
55.7,-1.31,25.0,1852.51,9.14,866.58,1.0,82612.0,19.8,156.0,0.44,0.36,4.4,0.1637948200302619,1474.2051622636222,15.487093329512174,95.18952259861348,0.23958297101421966,0.006449999999999949,447.8483455367449,20,hand3,2026-02-08T06:59:34.345861
55.9,0.87,25.0,1820.69,8.98,866.58,1.0,82122.6,19.8,156.0,0.35,0.28,3.49,0.1637948200302619,1474.2051622636222,15.487093329512174,95.18952259861348,0.23958297101421966,0.006449999999999949,447.8483455367449,20,hand3,2026-02-08T06:59:34.345861
55.9,0.87,25.0,1820.69,8.98,866.58,1.0,82122.6,19.8,156.0,0.35,0.28,3.49,0.1637948200302619,1474.2051622636222,15.487093329512174,95.18952259861348,0.23958297101421966,0.006449999999999949,447.8483455367449,20,hand3,2026-02-08T06:59:34.345861
55.9,0.87,25.0,1820.69,8.98,866.58,1.0,82122.6,19.8,156.0,0.35,0.28,3.49,0.1637948200302619,1474.2051622636222,15.487093329512174,95.18952259861348,0.23958297101421966,0.006449999999999949,447.8483455367449,20,hand3,2026-02-08T06:59:34.345861
55.9,0.87,25.0,1820.69,8.98,866.58,1.0,82122.6,19.8,156.0,0.35,0.28,3.49,0.1637948200302619,1474.2051622636222,15.487093329512174,95.18952259861348,0.23958297101421966,0.006449999999999949,447.8483455367449,20,hand3,2026-02-08T06:59:34.345861
55.9,0.87,25.0,1820.69,8.98,866.58,1.0,82122.6,19.8,156.0,0.35,0.28,3.49,0.1637948200302619,1474.2051622636222,15.487093329512174,95.18952259861348,0.23958297101421966,0.006449999999999949,447.8483455367449,20,hand3,2026-02-08T06:59:34.345861
55.4,-2.19,25.0,1844.75,9.09,855.47,1.0,81727.9,19.8,156.0,0.29,0.25,2.9,0.1637948200302619,1474.2051622636222,15.487093329512174,95.18952259861348,0.23958297101421966,0.006449999999999949,447.8483455367449,20,hand3,2026-02-08T06:59:34.345861
55.4,-2.19,25.0,1844.75,9.09,855.47,1.0,81727.9,19.8,156.0,0.29,0.25,2.9,0.1637948200302619,1474.2051622636222,15.487093329512174,95.18952259861348,0.23958297101421966,0.006449999999999949,447.8483455367449,20,hand3,2026-02-08T06:59:34.345861
55.4,-2.19,25.0,1844.75,9.09,855.47,1.0,81727.9,19.8,156.0,0.29,0.25,2.9,0.1637948200302619,1474.2051622636222,15.487093329512174,95.18952259861348,0.23958297101421966,0.006449999999999949,447.8483455367449,20,hand3,2026-02-08T06:59:34.345861
55.4,-2.19,25.0,1844.75,9.09,855.47,1.0,81727.9,19.8,156.0,0.29,0.25,2.9,0.1637948200302619,1474.2051622636222,15.487093329512174,95.18952259861348,0.23958297101421966,0.006449999999999949,447.8483455367449,20,hand3,2026-02-08T06:59:34.345861
55.4,-2.19,25.0,1844.75,9.09,855.47,1.0,81727.9,19.8,156.0,0.29,0.25,2.9,0.1637948200302619,1474.2051622636222,15.487093329512174,95.18952259861348,0.23958297101421966,0.006449999999999949,447.8483455367449,20,hand3,2026-02-08T06:59:34.345861
55.4,-2.19,25.0,1844.75,9.09,855.47,1.0,81727.9,19.8,156.0,0.29,0.25,2.9,0.1637948200302619,1474.2051622636222,15.487093329512174,95.18952259861348,0.23958297101421966,0.006449999999999949,447.8483455367449,20,hand3,2026-02-08T06:59:34.345861
55.3,-0.66,25.0,1865.55,9.2,855.47,1.0,81341.6,19.8,156.0,0.32,0.27,3.23,0.1637948200302619,1474.2051622636222,15.487093329512174,95.18952259861348,0.23958297101421966,0.006449999999999949,447.8483455367449,20,hand3,2026-02-08T06:59:34.345861
55.3,-0.66,25.0,1865.55,9.2,855.47,1.0,81341.6,19.8,156.0,0.32,0.27,3.23,0.1637948200302619,1474.2051622636222,15.487093329512174,95.18952259861348,0.23958297101421966,0.006449999999999949,447.8483455367449,20,hand3,2026-02-08T06:59:34.345861
55.3,-0.66,25.0,1865.55,9.2,855.47,1.0,81341.6,19.8,156.0,0.32,0.27,3.23,0.1637948200302619,1474.2051622636222,15.487093329512174,95.18952259861348,0.23958297101421966,0.006449999999999949,447.8483455367449,20,hand3,2026-02-08T06:59:34.345861
55.3,-0.66,25.0,1865.55,9.2,855.47,1.0,81341.6,19.8,156.0,0.32,0.27,3.23,0.1637948200302619,1474.2051622636222,15.487093329512174,95.18952259861348,0.23958297101421966,0.006449999999999949,447.8483455367449,20,hand3,2026-02-08T06:59:34.345861
55.3,-0.66,25.0,1865.55,9.2,855.47,1.0,81341.6,19.8,156.0,0.32,0.27,3.23,0.1637948200302619,1474.2051622636222,15.487093329512174,95.18952259861348,0.23958297101421966,0.006449999999999949,447.8483455367449,20,hand3,2026-02-08T06:59:34.345861
67.7,-0.22,25.0,818.44,4.04,1055.45,1.0,45490.8,19.8,156.0,0.02,0.02,0.23,0.06078948633459484,683.3850584068243,15.85369315549807,43.1149012269648,0.048989794855667734,0.0008310000000000022,512.6145991629575,30,hand3,2026-02-08T06:59:53.308297
67.7,-0.22,25.0,834.9,4.12,1066.56,1.0,45925.6,19.8,156.0,0.03,0.03,0.32,0.06078948633459484,683.3850584068243,15.85369315549807,43.1149012269648,0.048989794855667734,0.0008310000000000022,512.6145991629575,30,hand3,2026-02-08T06:59:53.308297
67.7,-0.22,25.0,834.9,4.12,1066.56,1.0,45925.6,19.8,156.0,0.03,0.03,0.32,0.06078948633459484,683.3850584068243,15.85369315549807,43.1149012269648,0.048989794855667734,0.0008310000000000022,512.6145991629575,30,hand3,2026-02-08T06:59:53.308297
67.7,-0.22,25.0,834.9,4.12,1066.56,1.0,45925.6,19.8,156.0,0.03,0.03,0.32,0.06078948633459484,683.3850584068243,15.85369315549807,43.1149012269648,0.048989794855667734,0.0008310000000000022,512.6145991629575,30,hand3,2026-02-08T06:59:53.308297
67.7,-0.22,25.0,834.9,4.12,1066.56,1.0,45925.6,19.8,156.0,0.03,0.03,0.32,0.06078948633459484,683.3850584068243,15.85369315549807,43.1149012269648,0.048989794855667734,0.0008310000000000022,512.6145991629575,30,hand3,2026-02-08T06:59:53.308297
67.7,-0.22,25.0,834.9,4.12,1066.56,1.0,45925.6,19.8,156.0,0.03,0.03,0.32,0.06078948633459484,683.3850584068243,15.85369315549807,43.1149012269648,0.048989794855667734,0.0008310000000000022,512.6145991629575,30,hand3,2026-02-08T06:59:53.308297
67.7,-0.22,25.0,834.9,4.12,1066.56,1.0,45925.6,19.8,156.0,0.03,0.03,0.32,0.06078948633459484,683.3850584068243,15.85369315549807,43.1149012269648,0.048989794855667734,0.0008310000000000022,512.6145991629575,30,hand3,2026-02-08T06:59:53.308297
67.7,0.0,25.0,826.71,4.08,1111.0,1.0,47103.6,19.8,156.0,0.04,0.03,0.37,0.06078948633459484,683.3850584068243,15.85369315549807,43.1149012269648,0.048989794855667734,0.0008310000000000022,512.6145991629575,30,hand3,2026-02-08T06:59:53.308297
67.7,0.0,25.0,826.71,4.08,1111.0,1.0,47103.6,19.8,156.0,0.04,0.03,0.37,0.06078948633459484,683.3850584068243,15.85369315549807,43.1149012269648,0.048989794855667734,0.0008310000000000022,512.6145991629575,30,hand3,2026-02-08T06:59:53.308297
67.7,0.0,25.0,826.71,4.08,1111.0,1.0,47103.6,19.8,156.0,0.04,0.03,0.37,0.06078948633459484,683.3850584068243,15.85369315549807,43.1149012269648,0.048989794855667734,0.0008310000000000022,512.6145991629575,30,hand3,2026-02-08T06:59:53.308297
67.7,0.0,25.0,826.71,4.08,1111.0,1.0,47103.6,19.8,156.0,0.04,0.03,0.37,0.06078948633459484,683.3850584068243,15.85369315549807,43.1149012269648,0.048989794855667734,0.0008310000000000022,512.6145991629575,30,hand3,2026-02-08T06:59:53.308297
67.7,0.0,25.0,826.71,4.08,1111.0,1.0,47103.6,19.8,156.0,0.04,0.03,0.37,0.06078948633459484,683.3850584068243,15.85369315549807,43.1149012269648,0.048989794855667734,0.0008310000000000022,512.6145991629575,30,hand3,2026-02-08T06:59:53.308297
67.6,-0.22,25.0,836.05,4.13,1055.45,1.0,46017.0,19.8,156.0,0.05,0.04,0.48,0.06078948633459484,683.3850584068243,15.85369315549807,43.1149012269648,0.048989794855667734,0.0008310000000000022,512.6145991629575,30,hand3,2026-02-08T06:59:53.308297
67.6,-0.22,25.0,836.05,4.13,1055.45,1.0,46017.0,19.8,156.0,0.05,0.04,0.48,0.06078948633459484,683.3850584068243,15.85369315549807,43.1149012269648,0.048989794855667734,0.0008310000000000022,512.6145991629575,30,hand3,2026-02-08T06:59:53.308297
67.6,-0.22,25.0,836.05,4.13,1055.45,1.0,46017.0,19.8,156.0,0.05,0.04,0.48,0.06078948633459484,683.3850584068243,15.85369315549807,43.1149012269648,0.048989794855667734,0.0008310000000000022,512.6145991629575,30,hand3,2026-02-08T06:59:53.308297
67.6,-0.22,25.0,836.05,4.13,1055.45,1.0,46017.0,19.8,156.0,0.05,0.04,0.48,0.06078948633459484,683.3850584068243,15.85369315549807,43.1149012269648,0.048989794855667734,0.0008310000000000022,512.6145991629575,30,hand3,2026-02-08T06:59:53.308297
67.6,-0.22,25.0,836.05,4.13,1055.45,1.0,46017.0,19.8,156.0,0.05,0.04,0.48,0.06078948633459484,683.3850584068243,15.85369315549807,43.1149012269648,0.048989794855667734,0.0008310000000000022,512.6145991629575,30,hand3,2026-02-08T06:59:53.308297
67.6,-0.22,25.0,839.16,4.15,1055.45,1.0,46037.1,19.8,156.0,0.06,0.06,0.64,0.06078948633459484,683.3850584068243,15.85369315549807,43.1149012269648,0.048989794855667734,0.0008310000000000022,512.6145991629575,30,hand3,2026-02-08T06:59:53.308297
67.6,-0.22,25.0,839.16,4.15,1055.45,1.0,46037.1,19.8,156.0,0.06,0.06,0.64,0.06078948633459484,683.3850584068243,15.85369315549807,43.1149012269648,0.048989794855667734,0.0008310000000000022,512.6145991629575,30,hand3,2026-02-08T06:59:53.308297
67.6,-0.22,25.0,839.16,4.15,1055.45,1.0,46037.1,19.8,156.0,0.06,0.06,0.64,0.06078948633459484,683.3850584068243,15.85369315549807,43.1149012269648,0.048989794855667734,0.0008310000000000022,512.6145991629575,30,hand3,2026-02-08T06:59:53.308297
77.7,0.0,25.0,1538.89,7.63,866.58,1.0,72079.4,19.8,156.0,0.37,0.33,3.66,0.10125182045197842,930.5901892522124,11.116439890737572,83.71794729422992,0.05894913061275637,0.04312875000000006,395.1893337060125,40,hand3,2026-02-08T07:00:05.422275
77.5,-0.66,25.0,1581.14,7.83,866.58,1.0,71735.7,19.8,156.0,0.35,0.3,3.47,0.10125182045197842,930.5901892522124,11.116439890737572,83.71794729422992,0.05894913061275637,0.04312875000000006,395.1893337060125,40,hand3,2026-02-08T07:00:05.422275
77.5,-0.66,25.0,1581.14,7.83,866.58,1.0,71735.7,19.8,156.0,0.35,0.3,3.47,0.10125182045197842,930.5901892522124,11.116439890737572,83.71794729422992,0.05894913061275637,0.04312875000000006,395.1893337060125,40,hand3,2026-02-08T07:00:05.422275
77.5,-0.66,25.0,1581.14,7.83,866.58,1.0,71735.7,19.8,156.0,0.35,0.3,3.47,0.10125182045197842,930.5901892522124,11.116439890737572,83.71794729422992,0.05894913061275637,0.04312875000000006,395.1893337060125,40,hand3,2026-02-08T07:00:05.422275
77.5,-0.66,25.0,1581.14,7.83,866.58,1.0,71735.7,19.8,156.0,0.35,0.3,3.47,0.10125182045197842,930.5901892522124,11.116439890737572,83.71794729422992,0.05894913061275637,0.04312875000000006,395.1893337060125,40,hand3,2026-02-08T07:00:05.422275
77.5,-0.66,25.0,1581.14,7.83,866.58,1.0,71735.7,19.8,156.0,0.35,0.3,3.47,0.10125182045197842,930.5901892522124,11.116439890737572,83.71794729422992,0.05894913061275637,0.04312875000000006,395.1893337060125,40,hand3,2026-02-08T07:00:05.422275
77.5,0.0,25.0,1634.28,8.08,855.47,1.0,72079.5,19.8,156.0,0.3,0.24,3.01,0.10125182045197842,930.5901892522124,11.116439890737572,83.71794729422992,0.05894913061275637,0.04312875000000006,395.1893337060125,40,hand3,2026-02-08T07:00:05.422275
77.5,0.0,25.0,1634.28,8.08,855.47,1.0,72079.5,19.8,156.0,0.3,0.24,3.01,0.10125182045197842,930.5901892522124,11.116439890737572,83.71794729422992,0.05894913061275637,0.04312875000000006,395.1893337060125,40,hand3,2026-02-08T07:00:05.422275
77.5,0.0,25.0,1634.28,8.08,855.47,1.0,72079.5,19.8,156.0,0.3,0.24,3.01,0.10125182045197842,930.5901892522124,11.116439890737572,83.71794729422992,0.05894913061275637,0.04312875000000006,395.1893337060125,40,hand3,2026-02-08T07:00:05.422275
77.5,0.0,25.0,1634.28,8.08,855.47,1.0,72079.5,19.8,156.0,0.3,0.24,3.01,0.10125182045197842,930.5901892522124,11.116439890737572,83.71794729422992,0.05894913061275637,0.04312875000000006,395.1893337060125,40,hand3,2026-02-08T07:00:05.422275
77.5,0.0,25.0,1634.28,8.08,855.47,1.0,72079.5,19.8,156.0,0.3,0.24,3.01,0.10125182045197842,930.5901892522124,11.116439890737572,83.71794729422992,0.05894913061275637,0.04312875000000006,395.1893337060125,40,hand3,2026-02-08T07:00:05.422275
77.6,0.44,25.0,1539.48,7.6,866.58,1.0,72208.7,19.8,156.0,0.2,0.15,1.98,0.10125182045197842,930.5901892522124,11.116439890737572,83.71794729422992,0.05894913061275637,0.04312875000000006,395.1893337060125,40,hand3,2026-02-08T07:00:05.422275
77.6,0.44,25.0,1539.48,7.6,866.58,1.0,72208.7,19.8,156.0,0.2,0.15,1.98,0.10125182045197842,930.5901892522124,11.116439890737572,83.71794729422992,0.05894913061275637,0.04312875000000006,395.1893337060125,40,hand3,2026-02-08T07:00:05.422275
77.6,0.44,25.0,1539.48,7.6,866.58,1.0,72208.7,19.8,156.0,0.2,0.15,1.98,0.10125182045197842,930.5901892522124,11.116439890737572,83.71794729422992,0.05894913061275637,0.04312875000000006,395.1893337060125,40,hand3,2026-02-08T07:00:05.422275
77.6,0.44,25.0,1539.48,7.6,866.58,1.0,72208.7,19.8,156.0,0.2,0.15,1.98,0.10125182045197842,930.5901892522124,11.116439890737572,83.71794729422992,0.05894913061275637,0.04312875000000006,395.1893337060125,40,hand3,2026-02-08T07:00:05.422275
77.6,0.44,25.0,1539.48,7.6,866.58,1.0,72208.7,19.8,156.0,0.2,0.15,1.98,0.10125182045197842,930.5901892522124,11.116439890737572,83.71794729422992,0.05894913061275637,0.04312875000000006,395.1893337060125,40,hand3,2026-02-08T07:00:05.422275
77.6,0.44,25.0,1539.48,7.6,866.58,1.0,72208.7,19.8,156.0,0.2,0.15,1.98,0.10125182045197842,930.5901892522124,11.116439890737572,83.71794729422992,0.05894913061275637,0.04312875000000006,395.1893337060125,40,hand3,2026-02-08T07:00:05.422275
77.6,0.0,25.0,1640.23,8.09,855.47,1.0,73011.1,19.8,156.0,0.13,0.11,1.35,0.10125182045197842,930.5901892522124,11.116439890737572,83.71794729422992,0.05894913061275637,0.04312875000000006,395.1893337060125,40,hand3,2026-02-08T07:00:05.422275
77.6,0.0,25.0,1640.23,8.09,855.47,1.0,73011.1,19.8,156.0,0.13,0.11,1.35,0.10125182045197842,930.5901892522124,11.116439890737572,83.71794729422992,0.05894913061275637,0.04312875000000006,395.1893337060125,40,hand3,2026-02-08T07:00:05.422275
77.6,0.0,25.0,1640.23,8.09,855.47,1.0,73011.1,19.8,156.0,0.13,0.11,1.35,0.10125182045197842,930.5901892522124,11.116439890737572,83.71794729422992,0.05894913061275637,0.04312875000000006,395.1893337060125,40,hand3,2026-02-08T07:00:05.422275
85.6,-0.22,25.0,1045.23,5.2,1066.56,1.0,58317.3,19.8,156.0,0.03,0.02,0.26,0.05969626168224299,669.2403621495328,12.498750000000005,53.54858538366723,1.4210854715202004e-14,0.03410000000000007,769.336874766184,50,hand3,2026-02-08T07:00:45.638401
85.6,-0.22,25.0,1045.23,5.2,1066.56,1.0,58317.3,19.8,156.0,0.03,0.02,0.26,0.05969626168224299,669.2403621495328,12.498750000000005,53.54858538366723,1.4210854715202004e-14,0.03410000000000007,769.336874766184,50,hand3,2026-02-08T07:00:45.638401
85.6,-0.22,25.0,1045.23,5.2,1066.56,1.0,58317.3,19.8,156.0,0.03,0.02,0.26,0.05969626168224299,669.2403621495328,12.498750000000005,53.54858538366723,1.4210854715202004e-14,0.03410000000000007,769.336874766184,50,hand3,2026-02-08T07:00:45.638401
85.6,-0.22,25.0,1045.23,5.2,1066.56,1.0,58317.3,19.8,156.0,0.03,0.02,0.26,0.05969626168224299,669.2403621495328,12.498750000000005,53.54858538366723,1.4210854715202004e-14,0.03410000000000007,769.336874766184,50,hand3,2026-02-08T07:00:45.638401
85.6,0.0,25.0,1070.73,5.33,1066.56,1.0,57870.6,19.8,156.0,0.03,0.02,0.29,0.05969626168224299,669.2403621495328,12.498750000000005,53.54858538366723,1.4210854715202004e-14,0.03410000000000007,769.336874766184,50,hand3,2026-02-08T07:00:45.638401
85.6,0.0,25.0,1070.73,5.33,1066.56,1.0,57870.6,19.8,156.0,0.03,0.02,0.29,0.05969626168224299,669.2403621495328,12.498750000000005,53.54858538366723,1.4210854715202004e-14,0.03410000000000007,769.336874766184,50,hand3,2026-02-08T07:00:45.638401
85.6,0.0,25.0,1070.73,5.33,1066.56,1.0,57870.6,19.8,156.0,0.03,0.02,0.29,0.05969626168224299,669.2403621495328,12.498750000000005,53.54858538366723,1.4210854715202004e-14,0.03410000000000007,769.336874766184,50,hand3,2026-02-08T07:00:45.638401
85.6,0.0,25.0,1070.73,5.33,1066.56,1.0,57870.6,19.8,156.0,0.03,0.02,0.29,0.05969626168224299,669.2403621495328,12.498750000000005,53.54858538366723,1.4210854715202004e-14,0.03410000000000007,769.336874766184,50,hand3,2026-02-08T07:00:45.638401
85.6,0.0,25.0,1070.73,5.33,1066.56,1.0,57870.6,19.8,156.0,0.03,0.02,0.29,0.05969626168224299,669.2403621495328,12.498750000000005,53.54858538366723,1.4210854715202004e-14,0.03410000000000007,769.336874766184,50,hand3,2026-02-08T07:00:45.638401
85.6,0.22,25.0,1031.21,5.13,1066.56,1.0,57035.5,19.8,156.0,0.03,0.02,0.29,0.05969626168224299,669.2403621495328,12.498750000000005,53.54858538366723,1.4210854715202004e-14,0.03410000000000007,769.336874766184,50,hand3,2026-02-08T07:00:45.638401
85.6,0.22,25.0,1031.21,5.13,1066.56,1.0,57035.5,19.8,156.0,0.03,0.02,0.29,0.05969626168224299,669.2403621495328,12.498750000000005,53.54858538366723,1.4210854715202004e-14,0.03410000000000007,769.336874766184,50,hand3,2026-02-08T07:00:45.638401
85.6,0.22,25.0,1031.21,5.13,1066.56,1.0,57035.5,19.8,156.0,0.03,0.02,0.29,0.05969626168224299,669.2403621495328,12.498750000000005,53.54858538366723,1.4210854715202004e-14,0.03410000000000007,769.336874766184,50,hand3,2026-02-08T07:00:45.638401
85.6,0.22,25.0,1031.21,5.13,1066.56,1.0,57035.5,19.8,156.0,0.03,0.02,0.29,0.05969626168224299,669.2403621495328,12.498750000000005,53.54858538366723,1.4210854715202004e-14,0.03410000000000007,769.336874766184,50,hand3,2026-02-08T07:00:45.638401
85.6,0.22,25.0,1031.21,5.13,1066.56,1.0,57035.5,19.8,156.0,0.03,0.02,0.29,0.05969626168224299,669.2403621495328,12.498750000000005,53.54858538366723,1.4210854715202004e-14,0.03410000000000007,769.336874766184,50,hand3,2026-02-08T07:00:45.638401
85.6,-0.44,25.0,976.54,4.85,1077.67,1.0,56323.3,19.8,156.0,0.04,0.03,0.38,0.05969626168224299,669.2403621495328,12.498750000000005,53.54858538366723,1.4210854715202004e-14,0.03410000000000007,769.336874766184,50,hand3,2026-02-08T07:00:45.638401
85.6,-0.44,25.0,976.54,4.85,1077.67,1.0,56323.3,19.8,156.0,0.04,0.03,0.38,0.05969626168224299,669.2403621495328,12.498750000000005,53.54858538366723,1.4210854715202004e-14,0.03410000000000007,769.336874766184,50,hand3,2026-02-08T07:00:45.638401
85.6,-0.44,25.0,976.54,4.85,1077.67,1.0,56323.3,19.8,156.0,0.04,0.03,0.38,0.05969626168224299,669.2403621495328,12.498750000000005,53.54858538366723,1.4210854715202004e-14,0.03410000000000007,769.336874766184,50,hand3,2026-02-08T07:00:45.638401
85.6,-0.44,25.0,976.54,4.85,1077.67,1.0,56323.3,19.8,156.0,0.04,0.03,0.38,0.05969626168224299,669.2403621495328,12.498750000000005,53.54858538366723,1.4210854715202004e-14,0.03410000000000007,769.336874766184,50,hand3,2026-02-08T07:00:45.638401
85.6,-0.44,25.0,976.54,4.85,1077.67,1.0,56323.3,19.8,156.0,0.04,0.03,0.38,0.05969626168224299,669.2403621495328,12.498750000000005,53.54858538366723,1.4210854715202004e-14,0.03410000000000007,769.336874766184,50,hand3,2026-02-08T07:00:45.638401
85.6,-0.44,25.0,976.54,4.85,1077.67,1.0,56323.3,19.8,156.0,0.04,0.03,0.38,0.05969626168224299,669.2403621495328,12.498750000000005,53.54858538366723,1.4210854715202004e-14,0.03410000000000007,769.336874766184,50,hand3,2026-02-08T07:00:45.638401
99.5,0.66,25.0,2605.06,12.95,855.47,1.0,111360.6,19.8,156.0,0.09,0.07,0.93,0.1331636596637808,1104.5706449920283,8.117894109099714,136.10830232195968,0.04769696007084457,0.05519274999999975,520.499053313262,60,hand3,2026-02-08T07:01:19.209595
99.5,0.66,25.0,2605.06,12.95,855.47,1.0,111360.6,19.8,156.0,0.09,0.07,0.93,0.1331636596637808,1104.5706449920283,8.117894109099714,136.10830232195968,0.04769696007084457,0.05519274999999975,520.499053313262,60,hand3,2026-02-08T07:01:19.209595
99.5,0.0,25.0,2640.22,13.13,811.03,1.0,110223.0,19.8,156.0,0.09,0.07,0.93,0.1331636596637808,1104.5706449920283,8.117894109099714,136.10830232195968,0.04769696007084457,0.05519274999999975,520.499053313262,60,hand3,2026-02-08T07:01:19.209595
99.5,0.0,25.0,2640.22,13.13,811.03,1.0,110223.0,19.8,156.0,0.09,0.07,0.93,0.1331636596637808,1104.5706449920283,8.117894109099714,136.10830232195968,0.04769696007084457,0.05519274999999975,520.499053313262,60,hand3,2026-02-08T07:01:19.209595
99.5,0.0,25.0,2640.22,13.13,811.03,1.0,110223.0,19.8,156.0,0.09,0.07,0.93,0.1331636596637808,1104.5706449920283,8.117894109099714,136.10830232195968,0.04769696007084457,0.05519274999999975,520.499053313262,60,hand3,2026-02-08T07:01:19.209595
99.5,0.0,25.0,2640.22,13.13,811.03,1.0,110223.0,19.8,156.0,0.09,0.07,0.93,0.1331636596637808,1104.5706449920283,8.117894109099714,136.10830232195968,0.04769696007084457,0.05519274999999975,520.499053313262,60,hand3,2026-02-08T07:01:19.209595
99.5,0.0,25.0,2640.22,13.13,811.03,1.0,110223.0,19.8,156.0,0.09,0.07,0.93,0.1331636596637808,1104.5706449920283,8.117894109099714,136.10830232195968,0.04769696007084457,0.05519274999999975,520.499053313262,60,hand3,2026-02-08T07:01:19.209595
99.6,0.44,25.0,2623.72,13.06,799.92,1.0,109747.0,19.8,156.0,0.1,0.08,0.97,0.1331636596637808,1104.5706449920283,8.117894109099714,136.10830232195968,0.04769696007084457,0.05519274999999975,520.499053313262,60,hand3,2026-02-08T07:01:19.209595
99.6,0.44,25.0,2623.72,13.06,799.92,1.0,109747.0,19.8,156.0,0.1,0.08,0.97,0.1331636596637808,1104.5706449920283,8.117894109099714,136.10830232195968,0.04769696007084457,0.05519274999999975,520.499053313262,60,hand3,2026-02-08T07:01:19.209595
99.6,0.44,25.0,2623.72,13.06,799.92,1.0,109747.0,19.8,156.0,0.1,0.08,0.97,0.1331636596637808,1104.5706449920283,8.117894109099714,136.10830232195968,0.04769696007084457,0.05519274999999975,520.499053313262,60,hand3,2026-02-08T07:01:19.209595
99.6,0.44,25.0,2623.72,13.06,799.92,1.0,109747.0,19.8,156.0,0.1,0.08,0.97,0.1331636596637808,1104.5706449920283,8.117894109099714,136.10830232195968,0.04769696007084457,0.05519274999999975,520.499053313262,60,hand3,2026-02-08T07:01:19.209595
99.6,0.44,25.0,2623.72,13.06,799.92,1.0,109747.0,19.8,156.0,0.1,0.08,0.97,0.1331636596637808,1104.5706449920283,8.117894109099714,136.10830232195968,0.04769696007084457,0.05519274999999975,520.499053313262,60,hand3,2026-02-08T07:01:19.209595
99.6,0.0,25.0,2719.56,13.54,799.92,1.0,109618.5,19.8,156.0,0.1,0.08,1.0,0.1331636596637808,1104.5706449920283,8.117894109099714,136.10830232195968,0.04769696007084457,0.05519274999999975,520.499053313262,60,hand3,2026-02-08T07:01:19.209595
99.6,0.0,25.0,2719.56,13.54,799.92,1.0,109618.5,19.8,156.0,0.1,0.08,1.0,0.1331636596637808,1104.5706449920283,8.117894109099714,136.10830232195968,0.04769696007084457,0.05519274999999975,520.499053313262,60,hand3,2026-02-08T07:01:19.209595
99.6,0.0,25.0,2719.56,13.54,799.92,1.0,109618.5,19.8,156.0,0.1,0.08,1.0,0.1331636596637808,1104.5706449920283,8.117894109099714,136.10830232195968,0.04769696007084457,0.05519274999999975,520.499053313262,60,hand3,2026-02-08T07:01:19.209595
99.6,0.0,25.0,2719.56,13.54,799.92,1.0,109618.5,19.8,156.0,0.1,0.08,1.0,0.1331636596637808,1104.5706449920283,8.117894109099714,136.10830232195968,0.04769696007084457,0.05519274999999975,520.499053313262,60,hand3,2026-02-08T07:01:19.209595
99.6,0.0,25.0,2719.56,13.54,799.92,1.0,109618.5,19.8,156.0,0.1,0.08,1.0,0.1331636596637808,1104.5706449920283,8.117894109099714,136.10830232195968,0.04769696007084457,0.05519274999999975,520.499053313262,60,hand3,2026-02-08T07:01:19.209595
99.6,0.0,25.0,2719.56,13.54,799.92,1.0,109618.5,19.8,156.0,0.1,0.08,1.0,0.1331636596637808,1104.5706449920283,8.117894109099714,136.10830232195968,0.04769696007084457,0.05519274999999975,520.499053313262,60,hand3,2026-02-08T07:01:19.209595
99.6,0.0,25.0,2717.63,13.54,799.92,1.0,109622.4,19.8,156.0,0.09,0.08,0.95,0.1331636596637808,1104.5706449920283,8.117894109099714,136.10830232195968,0.04769696007084457,0.05519274999999975,520.499053313262,60,hand3,2026-02-08T07:01:19.209595
99.6,0.0,25.0,2717.63,13.54,799.92,1.0,109622.4,19.8,156.0,0.09,0.08,0.95,0.1331636596637808,1104.5706449920283,8.117894109099714,136.10830232195968,0.04769696007084457,0.05519274999999975,520.499053313262,60,hand3,2026-02-08T07:01:19.209595
106.7,0.22,25.0,888.42,4.42,1466.52,1.0,54892.7,19.8,156.0,0.65,0.58,6.45,0.04423232506743948,521.1775659555926,13.07950800878184,39.89191051694949,0.12247448713915773,0.035475000000000055,647.4144745640161,70,hand3,2026-02-08T07:01:47.157967
106.7,0.22,25.0,888.42,4.42,1466.52,1.0,54892.7,19.8,156.0,0.65,0.58,6.45,0.04423232506743948,521.1775659555926,13.07950800878184,39.89191051694949,0.12247448713915773,0.035475000000000055,647.4144745640161,70,hand3,2026-02-08T07:01:47.157967
106.7,0.22,25.0,888.42,4.42,1466.52,1.0,54892.7,19.8,156.0,0.65,0.58,6.45,0.04423232506743948,521.1775659555926,13.07950800878184,39.89191051694949,0.12247448713915773,0.035475000000000055,647.4144745640161,70,hand3,2026-02-08T07:01:47.157967
106.7,0.22,25.0,888.42,4.42,1466.52,1.0,54892.7,19.8,156.0,0.65,0.58,6.45,0.04423232506743948,521.1775659555926,13.07950800878184,39.89191051694949,0.12247448713915773,0.035475000000000055,647.4144745640161,70,hand3,2026-02-08T07:01:47.157967
106.7,0.22,25.0,888.42,4.42,1466.52,1.0,54892.7,19.8,156.0,0.65,0.58,6.45,0.04423232506743948,521.1775659555926,13.07950800878184,39.89191051694949,0.12247448713915773,0.035475000000000055,647.4144745640161,70,hand3,2026-02-08T07:01:47.157967
106.7,0.44,25.0,960.8,4.78,1377.64,1.0,55053.6,19.8,156.0,0.55,0.47,5.54,0.04423232506743948,521.1775659555926,13.07950800878184,39.89191051694949,0.12247448713915773,0.035475000000000055,647.4144745640161,70,hand3,2026-02-08T07:01:47.157967
106.7,0.44,25.0,960.8,4.78,1377.64,1.0,55053.6,19.8,156.0,0.55,0.47,5.54,0.04423232506743948,521.1775659555926,13.07950800878184,39.89191051694949,0.12247448713915773,0.035475000000000055,647.4144745640161,70,hand3,2026-02-08T07:01:47.157967
106.7,0.44,25.0,960.8,4.78,1377.64,1.0,55053.6,19.8,156.0,0.55,0.47,5.54,0.04423232506743948,521.1775659555926,13.07950800878184,39.89191051694949,0.12247448713915773,0.035475000000000055,647.4144745640161,70,hand3,2026-02-08T07:01:47.157967
106.7,0.44,25.0,960.8,4.78,1377.64,1.0,55053.6,19.8,156.0,0.55,0.47,5.54,0.04423232506743948,521.1775659555926,13.07950800878184,39.89191051694949,0.12247448713915773,0.035475000000000055,647.4144745640161,70,hand3,2026-02-08T07:01:47.157967
106.7,0.44,25.0,960.8,4.78,1377.64,1.0,55053.6,19.8,156.0,0.55,0.47,5.54,0.04423232506743948,521.1775659555926,13.07950800878184,39.89191051694949,0.12247448713915773,0.035475000000000055,647.4144745640161,70,hand3,2026-02-08T07:01:47.157967
106.6,-0.87,25.0,945.91,4.72,1377.64,1.0,55752.1,19.8,156.0,0.39,0.31,3.87,0.04423232506743948,521.1775659555926,13.07950800878184,39.89191051694949,0.12247448713915773,0.035475000000000055,647.4144745640161,70,hand3,2026-02-08T07:01:47.157967
106.6,-0.87,25.0,945.91,4.72,1377.64,1.0,55752.1,19.8,156.0,0.39,0.31,3.87,0.04423232506743948,521.1775659555926,13.07950800878184,39.89191051694949,0.12247448713915773,0.035475000000000055,647.4144745640161,70,hand3,2026-02-08T07:01:47.157967
106.6,-0.87,25.0,945.91,4.72,1377.64,1.0,55752.1,19.8,156.0,0.39,0.31,3.87,0.04423232506743948,521.1775659555926,13.07950800878184,39.89191051694949,0.12247448713915773,0.035475000000000055,647.4144745640161,70,hand3,2026-02-08T07:01:47.157967
106.6,-0.87,25.0,945.91,4.72,1377.64,1.0,55752.1,19.8,156.0,0.39,0.31,3.87,0.04423232506743948,521.1775659555926,13.07950800878184,39.89191051694949,0.12247448713915773,0.035475000000000055,647.4144745640161,70,hand3,2026-02-08T07:01:47.157967
106.6,-0.87,25.0,945.91,4.72,1377.64,1.0,55752.1,19.8,156.0,0.39,0.31,3.87,0.04423232506743948,521.1775659555926,13.07950800878184,39.89191051694949,0.12247448713915773,0.035475000000000055,647.4144745640161,70,hand3,2026-02-08T07:01:47.157967
106.4,-0.66,25.0,988.68,4.94,1355.42,1.0,56528.5,19.8,156.0,0.24,0.19,2.44,0.04423232506743948,521.1775659555926,13.07950800878184,39.89191051694949,0.12247448713915773,0.035475000000000055,647.4144745640161,70,hand3,2026-02-08T07:01:47.157967
106.4,-0.66,25.0,988.68,4.94,1355.42,1.0,56528.5,19.8,156.0,0.24,0.19,2.44,0.04423232506743948,521.1775659555926,13.07950800878184,39.89191051694949,0.12247448713915773,0.035475000000000055,647.4144745640161,70,hand3,2026-02-08T07:01:47.157967
106.4,-0.66,25.0,988.68,4.94,1355.42,1.0,56528.5,19.8,156.0,0.24,0.19,2.44,0.04423232506743948,521.1775659555926,13.07950800878184,39.89191051694949,0.12247448713915773,0.035475000000000055,647.4144745640161,70,hand3,2026-02-08T07:01:47.157967
106.4,-0.66,25.0,988.68,4.94,1355.42,1.0,56528.5,19.8,156.0,0.24,0.19,2.44,0.04423232506743948,521.1775659555926,13.07950800878184,39.89191051694949,0.12247448713915773,0.035475000000000055,647.4144745640161,70,hand3,2026-02-08T07:01:47.157967
106.4,-0.66,25.0,988.68,4.94,1355.42,1.0,56528.5,19.8,156.0,0.24,0.19,2.44,0.04423232506743948,521.1775659555926,13.07950800878184,39.89191051694949,0.12247448713915773,0.035475000000000055,647.4144745640161,70,hand3,2026-02-08T07:01:47.157967
118.3,1.09,25.0,1057.22,5.27,1177.66,1.0,67912.4,19.8,156.0,0.12,0.1,1.24,0.04338057618285037,546.6365124422362,10.02753639383198,54.521057647115434,0.19098429254784338,0.01242499999999996,2572.0541979903905,80,hand3,2026-02-08T07:02:12.201026
118.3,1.09,25.0,1057.22,5.27,1177.66,1.0,67912.4,19.8,156.0,0.12,0.1,1.24,0.04338057618285037,546.6365124422362,10.02753639383198,54.521057647115434,0.19098429254784338,0.01242499999999996,2572.0541979903905,80,hand3,2026-02-08T07:02:12.201026
118.3,1.09,25.0,1057.22,5.27,1177.66,1.0,67912.4,19.8,156.0,0.12,0.1,1.24,0.04338057618285037,546.6365124422362,10.02753639383198,54.521057647115434,0.19098429254784338,0.01242499999999996,2572.0541979903905,80,hand3,2026-02-08T07:02:12.201026
118.3,1.09,25.0,1057.22,5.27,1177.66,1.0,67912.4,19.8,156.0,0.12,0.1,1.24,0.04338057618285037,546.6365124422362,10.02753639383198,54.521057647115434,0.19098429254784338,0.01242499999999996,2572.0541979903905,80,hand3,2026-02-08T07:02:12.201026
118.3,1.09,25.0,1057.22,5.27,1177.66,1.0,67912.4,19.8,156.0,0.12,0.1,1.24,0.04338057618285037,546.6365124422362,10.02753639383198,54.521057647115434,0.19098429254784338,0.01242499999999996,2572.0541979903905,80,hand3,2026-02-08T07:02:12.201026
118.6,1.31,25.0,1049.69,5.23,1188.77,1.0,66153.4,19.8,156.0,0.19,0.15,1.91,0.04338057618285037,546.6365124422362,10.02753639383198,54.521057647115434,0.19098429254784338,0.01242499999999996,2572.0541979903905,80,hand3,2026-02-08T07:02:12.201026
118.6,1.31,25.0,1049.69,5.23,1188.77,1.0,66153.4,19.8,156.0,0.19,0.15,1.91,0.04338057618285037,546.6365124422362,10.02753639383198,54.521057647115434,0.19098429254784338,0.01242499999999996,2572.0541979903905,80,hand3,2026-02-08T07:02:12.201026
118.6,1.31,25.0,1049.69,5.23,1188.77,1.0,66153.4,19.8,156.0,0.19,0.15,1.91,0.04338057618285037,546.6365124422362,10.02753639383198,54.521057647115434,0.19098429254784338,0.01242499999999996,2572.0541979903905,80,hand3,2026-02-08T07:02:12.201026
118.6,1.31,25.0,1049.69,5.23,1188.77,1.0,66153.4,19.8,156.0,0.19,0.15,1.91,0.04338057618285037,546.6365124422362,10.02753639383198,54.521057647115434,0.19098429254784338,0.01242499999999996,2572.0541979903905,80,hand3,2026-02-08T07:02:12.201026
118.6,1.31,25.0,1049.69,5.23,1188.77,1.0,66153.4,19.8,156.0,0.19,0.15,1.91,0.04338057618285037,546.6365124422362,10.02753639383198,54.521057647115434,0.19098429254784338,0.01242499999999996,2572.0541979903905,80,hand3,2026-02-08T07:02:12.201026
118.8,1.31,25.0,1017.18,5.08,1199.88,1.0,63983.9,19.8,156.0,0.29,0.23,2.85,0.04338057618285037,546.6365124422362,10.02753639383198,54.521057647115434,0.19098429254784338,0.01242499999999996,2572.0541979903905,80,hand3,2026-02-08T07:02:12.201026
118.8,1.31,25.0,1017.18,5.08,1199.88,1.0,63983.9,19.8,156.0,0.29,0.23,2.85,0.04338057618285037,546.6365124422362,10.02753639383198,54.521057647115434,0.19098429254784338,0.01242499999999996,2572.0541979903905,80,hand3,2026-02-08T07:02:12.201026
118.8,1.31,25.0,1017.18,5.08,1199.88,1.0,63983.9,19.8,156.0,0.29,0.23,2.85,0.04338057618285037,546.6365124422362,10.02753639383198,54.521057647115434,0.19098429254784338,0.01242499999999996,2572.0541979903905,80,hand3,2026-02-08T07:02:12.201026
118.8,1.31,25.0,1017.18,5.08,1199.88,1.0,63983.9,19.8,156.0,0.29,0.23,2.85,0.04338057618285037,546.6365124422362,10.02753639383198,54.521057647115434,0.19098429254784338,0.01242499999999996,2572.0541979903905,80,hand3,2026-02-08T07:02:12.201026
118.8,1.31,25.0,1017.18,5.08,1199.88,1.0,63983.9,19.8,156.0,0.29,0.23,2.85,0.04338057618285037,546.6365124422362,10.02753639383198,54.521057647115434,0.19098429254784338,0.01242499999999996,2572.0541979903905,80,hand3,2026-02-08T07:02:12.201026
118.8,1.31,25.0,1017.18,5.08,1199.88,1.0,63983.9,19.8,156.0,0.29,0.23,2.85,0.04338057618285037,546.6365124422362,10.02753639383198,54.521057647115434,0.19098429254784338,0.01242499999999996,2572.0541979903905,80,hand3,2026-02-08T07:02:12.201026
118.7,-0.87,25.0,996.01,4.98,1188.77,1.0,60594.7,19.8,156.0,0.32,0.28,3.17,0.04338057618285037,546.6365124422362,10.02753639383198,54.521057647115434,0.19098429254784338,0.01242499999999996,2572.0541979903905,80,hand3,2026-02-08T07:02:12.201026
118.7,-0.87,25.0,996.01,4.98,1188.77,1.0,60594.7,19.8,156.0,0.32,0.28,3.17,0.04338057618285037,546.6365124422362,10.02753639383198,54.521057647115434,0.19098429254784338,0.01242499999999996,2572.0541979903905,80,hand3,2026-02-08T07:02:12.201026
118.7,-0.87,25.0,996.01,4.98,1188.77,1.0,60594.7,19.8,156.0,0.32,0.28,3.17,0.04338057618285037,546.6365124422362,10.02753639383198,54.521057647115434,0.19098429254784338,0.01242499999999996,2572.0541979903905,80,hand3,2026-02-08T07:02:12.201026
118.7,-0.87,25.0,996.01,4.98,1188.77,1.0,60594.7,19.8,156.0,0.32,0.28,3.17,0.04338057618285037,546.6365124422362,10.02753639383198,54.521057647115434,0.19098429254784338,0.01242499999999996,2572.0541979903905,80,hand3,2026-02-08T07:02:12.201026
125.9,-1.75,25.0,856.46,4.26,1066.56,1.0,44715.8,19.8,156.0,0.4,0.31,3.95,0.03394061714771288,354.0524567504598,8.211955163275364,43.12255064247891,0.29711109033491295,0.013172750000000044,261.0550138859632,90,hand3,2026-02-08T07:03:01.045466
125.9,-1.75,25.0,856.46,4.26,1066.56,1.0,44715.8,19.8,156.0,0.4,0.31,3.95,0.03394061714771288,354.0524567504598,8.211955163275364,43.12255064247891,0.29711109033491295,0.013172750000000044,261.0550138859632,90,hand3,2026-02-08T07:03:01.045466
125.9,-1.75,25.0,856.46,4.26,1066.56,1.0,44715.8,19.8,156.0,0.4,0.31,3.95,0.03394061714771288,354.0524567504598,8.211955163275364,43.12255064247891,0.29711109033491295,0.013172750000000044,261.0550138859632,90,hand3,2026-02-08T07:03:01.045466
125.9,0.0,25.0,850.39,4.22,1033.23,1.0,44106.7,19.8,156.0,0.29,0.23,2.91,0.03394061714771288,354.0524567504598,8.211955163275364,43.12255064247891,0.29711109033491295,0.013172750000000044,261.0550138859632,90,hand3,2026-02-08T07:03:01.045466
125.9,0.0,25.0,850.39,4.22,1033.23,1.0,44106.7,19.8,156.0,0.29,0.23,2.91,0.03394061714771288,354.0524567504598,8.211955163275364,43.12255064247891,0.29711109033491295,0.013172750000000044,261.0550138859632,90,hand3,2026-02-08T07:03:01.045466
125.9,0.0,25.0,850.39,4.22,1033.23,1.0,44106.7,19.8,156.0,0.29,0.23,2.91,0.03394061714771288,354.0524567504598,8.211955163275364,43.12255064247891,0.29711109033491295,0.013172750000000044,261.0550138859632,90,hand3,2026-02-08T07:03:01.045466
125.9,0.0,25.0,850.39,4.22,1033.23,1.0,44106.7,19.8,156.0,0.29,0.23,2.91,0.03394061714771288,354.0524567504598,8.211955163275364,43.12255064247891,0.29711109033491295,0.013172750000000044,261.0550138859632,90,hand3,2026-02-08T07:03:01.045466
125.9,0.0,25.0,850.39,4.22,1033.23,1.0,44106.7,19.8,156.0,0.29,0.23,2.91,0.03394061714771288,354.0524567504598,8.211955163275364,43.12255064247891,0.29711109033491295,0.013172750000000044,261.0550138859632,90,hand3,2026-02-08T07:03:01.045466
125.9,0.0,25.0,850.39,4.22,1033.23,1.0,44106.7,19.8,156.0,0.29,0.23,2.91,0.03394061714771288,354.0524567504598,8.211955163275364,43.12255064247891,0.29711109033491295,0.013172750000000044,261.0550138859632,90,hand3,2026-02-08T07:03:01.045466
125.6,-1.75,25.0,895.8,4.45,1022.12,1.0,44468.8,19.8,156.0,0.25,0.22,2.52,0.03394061714771288,354.0524567504598,8.211955163275364,43.12255064247891,0.29711109033491295,0.013172750000000044,261.0550138859632,90,hand3,2026-02-08T07:03:01.045466
125.6,-1.75,25.0,895.8,4.45,1022.12,1.0,44468.8,19.8,156.0,0.25,0.22,2.52,0.03394061714771288,354.0524567504598,8.211955163275364,43.12255064247891,0.29711109033491295,0.013172750000000044,261.0550138859632,90,hand3,2026-02-08T07:03:01.045466
125.6,-1.75,25.0,895.8,4.45,1022.12,1.0,44468.8,19.8,156.0,0.25,0.22,2.52,0.03394061714771288,354.0524567504598,8.211955163275364,43.12255064247891,0.29711109033491295,0.013172750000000044,261.0550138859632,90,hand3,2026-02-08T07:03:01.045466
125.6,-1.75,25.0,895.8,4.45,1022.12,1.0,44468.8,19.8,156.0,0.25,0.22,2.52,0.03394061714771288,354.0524567504598,8.211955163275364,43.12255064247891,0.29711109033491295,0.013172750000000044,261.0550138859632,90,hand3,2026-02-08T07:03:01.045466
125.6,-1.75,25.0,895.8,4.45,1022.12,1.0,44468.8,19.8,156.0,0.25,0.22,2.52,0.03394061714771288,354.0524567504598,8.211955163275364,43.12255064247891,0.29711109033491295,0.013172750000000044,261.0550138859632,90,hand3,2026-02-08T07:03:01.045466
125.2,-1.75,25.0,834.79,4.14,1022.12,1.0,44735.7,19.8,156.0,0.36,0.27,3.57,0.03394061714771288,354.0524567504598,8.211955163275364,43.12255064247891,0.29711109033491295,0.013172750000000044,261.0550138859632,90,hand3,2026-02-08T07:03:01.045466
125.2,-1.75,25.0,834.79,4.14,1022.12,1.0,44735.7,19.8,156.0,0.36,0.27,3.57,0.03394061714771288,354.0524567504598,8.211955163275364,43.12255064247891,0.29711109033491295,0.013172750000000044,261.0550138859632,90,hand3,2026-02-08T07:03:01.045466
125.2,-1.75,25.0,834.79,4.14,1022.12,1.0,44735.7,19.8,156.0,0.36,0.27,3.57,0.03394061714771288,354.0524567504598,8.211955163275364,43.12255064247891,0.29711109033491295,0.013172750000000044,261.0550138859632,90,hand3,2026-02-08T07:03:01.045466
125.2,-1.75,25.0,834.79,4.14,1022.12,1.0,44735.7,19.8,156.0,0.36,0.27,3.57,0.03394061714771288,354.0524567504598,8.211955163275364,43.12255064247891,0.29711109033491295,0.013172750000000044,261.0550138859632,90,hand3,2026-02-08T07:03:01.045466
125.2,-1.75,25.0,834.79,4.14,1022.12,1.0,44735.7,19.8,156.0,0.36,0.27,3.57,0.03394061714771288,354.0524567504598,8.211955163275364,43.12255064247891,0.29711109033491295,0.013172750000000044,261.0550138859632,90,hand3,2026-02-08T07:03:01.045466
125.2,0.0,25.0,850.98,4.22,1011.01,1.0,44662.6,19.8,156.0,0.43,0.36,4.3,0.03394061714771288,354.0524567504598,8.211955163275364,43.12255064247891,0.29711109033491295,0.013172750000000044,261.0550138859632,90,hand3,2026-02-08T07:03:01.045466
135.7,0.0,25.0,919.49,4.58,1277.65,1.0,48141.1,19.8,156.0,0.06,0.05,0.61,0.03321039380808114,362.65565211122566,9.709692334479218,37.35041882703346,0.04358898943540426,0.0035309999999999925,425.82591266854644,100,hand3,2026-02-08T07:03:24.869694
135.6,-0.44,25.0,892.68,4.44,1310.98,1.0,48886.0,19.8,156.0,0.08,0.06,0.78,0.03321039380808114,362.65565211122566,9.709692334479218,37.35041882703346,0.04358898943540426,0.0035309999999999925,425.82591266854644,100,hand3,2026-02-08T07:03:24.869694
135.6,-0.44,25.0,892.68,4.44,1310.98,1.0,48886.0,19.8,156.0,0.08,0.06,0.78,0.03321039380808114,362.65565211122566,9.709692334479218,37.35041882703346,0.04358898943540426,0.0035309999999999925,425.82591266854644,100,hand3,2026-02-08T07:03:24.869694
135.6,-0.44,25.0,892.68,4.44,1310.98,1.0,48886.0,19.8,156.0,0.08,0.06,0.78,0.03321039380808114,362.65565211122566,9.709692334479218,37.35041882703346,0.04358898943540426,0.0035309999999999925,425.82591266854644,100,hand3,2026-02-08T07:03:24.869694
135.6,-0.44,25.0,892.68,4.44,1310.98,1.0,48886.0,19.8,156.0,0.08,0.06,0.78,0.03321039380808114,362.65565211122566,9.709692334479218,37.35041882703346,0.04358898943540426,0.0035309999999999925,425.82591266854644,100,hand3,2026-02-08T07:03:24.869694
135.6,-0.44,25.0,892.68,4.44,1310.98,1.0,48886.0,19.8,156.0,0.08,0.06,0.78,0.03321039380808114,362.65565211122566,9.709692334479218,37.35041882703346,0.04358898943540426,0.0035309999999999925,425.82591266854644,100,hand3,2026-02-08T07:03:24.869694
135.6,-0.22,25.0,921.65,4.58,1310.98,1.0,48945.4,19.8,156.0,0.1,0.08,0.96,0.03321039380808114,362.65565211122566,9.709692334479218,37.35041882703346,0.04358898943540426,0.0035309999999999925,425.82591266854644,100,hand3,2026-02-08T07:03:24.869694
135.6,-0.22,25.0,921.65,4.58,1310.98,1.0,48945.4,19.8,156.0,0.1,0.08,0.96,0.03321039380808114,362.65565211122566,9.709692334479218,37.35041882703346,0.04358898943540426,0.0035309999999999925,425.82591266854644,100,hand3,2026-02-08T07:03:24.869694
135.6,-0.22,25.0,921.65,4.58,1310.98,1.0,48945.4,19.8,156.0,0.1,0.08,0.96,0.03321039380808114,362.65565211122566,9.709692334479218,37.35041882703346,0.04358898943540426,0.0035309999999999925,425.82591266854644,100,hand3,2026-02-08T07:03:24.869694
135.6,-0.22,25.0,921.65,4.58,1310.98,1.0,48945.4,19.8,156.0,0.1,0.08,0.96,0.03321039380808114,362.65565211122566,9.709692334479218,37.35041882703346,0.04358898943540426,0.0035309999999999925,425.82591266854644,100,hand3,2026-02-08T07:03:24.869694
135.6,-0.22,25.0,921.65,4.58,1310.98,1.0,48945.4,19.8,156.0,0.1,0.08,0.96,0.03321039380808114,362.65565211122566,9.709692334479218,37.35041882703346,0.04358898943540426,0.0035309999999999925,425.82591266854644,100,hand3,2026-02-08T07:03:24.869694
135.6,-0.22,25.0,921.65,4.58,1310.98,1.0,48945.4,19.8,156.0,0.1,0.08,0.96,0.03321039380808114,362.65565211122566,9.709692334479218,37.35041882703346,0.04358898943540426,0.0035309999999999925,425.82591266854644,100,hand3,2026-02-08T07:03:24.869694
135.6,0.0,25.0,897.23,4.46,1333.2,1.0,49683.8,19.8,156.0,0.1,0.08,1.0,0.03321039380808114,362.65565211122566,9.709692334479218,37.35041882703346,0.04358898943540426,0.0035309999999999925,425.82591266854644,100,hand3,2026-02-08T07:03:24.869694
135.6,0.0,25.0,897.23,4.46,1333.2,1.0,49683.8,19.8,156.0,0.1,0.08,1.0,0.03321039380808114,362.65565211122566,9.709692334479218,37.35041882703346,0.04358898943540426,0.0035309999999999925,425.82591266854644,100,hand3,2026-02-08T07:03:24.869694
135.6,0.0,25.0,897.23,4.46,1333.2,1.0,49683.8,19.8,156.0,0.1,0.08,1.0,0.03321039380808114,362.65565211122566,9.709692334479218,37.35041882703346,0.04358898943540426,0.0035309999999999925,425.82591266854644,100,hand3,2026-02-08T07:03:24.869694
135.6,0.0,25.0,897.23,4.46,1333.2,1.0,49683.8,19.8,156.0,0.1,0.08,1.0,0.03321039380808114,362.65565211122566,9.709692334479218,37.35041882703346,0.04358898943540426,0.0035309999999999925,425.82591266854644,100,hand3,2026-02-08T07:03:24.869694
135.6,0.0,25.0,897.23,4.46,1333.2,1.0,49683.8,19.8,156.0,0.1,0.08,1.0,0.03321039380808114,362.65565211122566,9.709692334479218,37.35041882703346,0.04358898943540426,0.0035309999999999925,425.82591266854644,100,hand3,2026-02-08T07:03:24.869694
135.5,-0.22,25.0,905.04,4.5,1322.09,1.0,49595.1,19.8,156.0,0.09,0.08,0.92,0.03321039380808114,362.65565211122566,9.709692334479218,37.35041882703346,0.04358898943540426,0.0035309999999999925,425.82591266854644,100,hand3,2026-02-08T07:03:24.869694
135.5,-0.22,25.0,905.04,4.5,1322.09,1.0,49595.1,19.8,156.0,0.09,0.08,0.92,0.03321039380808114,362.65565211122566,9.709692334479218,37.35041882703346,0.04358898943540426,0.0035309999999999925,425.82591266854644,100,hand3,2026-02-08T07:03:24.869694
135.5,-0.22,25.0,905.04,4.5,1322.09,1.0,49595.1,19.8,156.0,0.09,0.08,0.92,0.03321039380808114,362.65565211122566,9.709692334479218,37.35041882703346,0.04358898943540426,0.0035309999999999925,425.82591266854644,100,hand3,2026-02-08T07:03:24.869694
144.6,0.0,25.0,765.91,3.78,1777.6,1.0,63644.5,19.8,156.0,0.52,0.42,5.23,0.026299752484396217,448.9671557716568,12.368427062165539,36.30928554617855,0.06782329983124882,0.007272749999999989,629.4060918040116,110,hand3,2026-02-08T07:04:22.684804
144.6,0.0,25.0,765.91,3.78,1777.6,1.0,63644.5,19.8,156.0,0.52,0.42,5.23,0.026299752484396217,448.9671557716568,12.368427062165539,36.30928554617855,0.06782329983124882,0.007272749999999989,629.4060918040116,110,hand3,2026-02-08T07:04:22.684804
144.6,0.0,25.0,765.91,3.78,1777.6,1.0,63644.5,19.8,156.0,0.52,0.42,5.23,0.026299752484396217,448.9671557716568,12.368427062165539,36.30928554617855,0.06782329983124882,0.007272749999999989,629.4060918040116,110,hand3,2026-02-08T07:04:22.684804
144.6,0.22,25.0,749.48,3.7,1833.15,1.0,65267.4,19.8,156.0,0.34,0.23,3.4,0.026299752484396217,448.9671557716568,12.368427062165539,36.30928554617855,0.06782329983124882,0.007272749999999989,629.4060918040116,110,hand3,2026-02-08T07:04:22.684804
144.6,0.22,25.0,749.48,3.7,1833.15,1.0,65267.4,19.8,156.0,0.34,0.23,3.4,0.026299752484396217,448.9671557716568,12.368427062165539,36.30928554617855,0.06782329983124882,0.007272749999999989,629.4060918040116,110,hand3,2026-02-08T07:04:22.684804
144.6,0.22,25.0,749.48,3.7,1833.15,1.0,65267.4,19.8,156.0,0.34,0.23,3.4,0.026299752484396217,448.9671557716568,12.368427062165539,36.30928554617855,0.06782329983124882,0.007272749999999989,629.4060918040116,110,hand3,2026-02-08T07:04:22.684804
144.6,0.22,25.0,749.48,3.7,1833.15,1.0,65267.4,19.8,156.0,0.34,0.23,3.4,0.026299752484396217,448.9671557716568,12.368427062165539,36.30928554617855,0.06782329983124882,0.007272749999999989,629.4060918040116,110,hand3,2026-02-08T07:04:22.684804
144.6,0.22,25.0,749.48,3.7,1833.15,1.0,65267.4,19.8,156.0,0.34,0.23,3.4,0.026299752484396217,448.9671557716568,12.368427062165539,36.30928554617855,0.06782329983124882,0.007272749999999989,629.4060918040116,110,hand3,2026-02-08T07:04:22.684804
144.6,0.0,25.0,769.65,3.8,1777.6,1.0,64821.0,19.8,156.0,0.11,0.06,1.07,0.026299752484396217,448.9671557716568,12.368427062165539,36.30928554617855,0.06782329983124882,0.007272749999999989,629.4060918040116,110,hand3,2026-02-08T07:04:22.684804
144.6,0.0,25.0,769.65,3.8,1777.6,1.0,64821.0,19.8,156.0,0.11,0.06,1.07,0.026299752484396217,448.9671557716568,12.368427062165539,36.30928554617855,0.06782329983124882,0.007272749999999989,629.4060918040116,110,hand3,2026-02-08T07:04:22.684804
144.6,0.0,25.0,769.65,3.8,1777.6,1.0,64821.0,19.8,156.0,0.11,0.06,1.07,0.026299752484396217,448.9671557716568,12.368427062165539,36.30928554617855,0.06782329983124882,0.007272749999999989,629.4060918040116,110,hand3,2026-02-08T07:04:22.684804
144.6,0.0,25.0,769.65,3.8,1777.6,1.0,64821.0,19.8,156.0,0.11,0.06,1.07,0.026299752484396217,448.9671557716568,12.368427062165539,36.30928554617855,0.06782329983124882,0.007272749999999989,629.4060918040116,110,hand3,2026-02-08T07:04:22.684804
144.6,0.0,25.0,769.65,3.8,1777.6,1.0,64821.0,19.8,156.0,0.11,0.06,1.07,0.026299752484396217,448.9671557716568,12.368427062165539,36.30928554617855,0.06782329983124882,0.007272749999999989,629.4060918040116,110,hand3,2026-02-08T07:04:22.684804
144.7,0.44,25.0,792.05,3.92,1755.38,1.0,65141.2,19.8,156.0,0.04,0.03,0.4,0.026299752484396217,448.9671557716568,12.368427062165539,36.30928554617855,0.06782329983124882,0.007272749999999989,629.4060918040116,110,hand3,2026-02-08T07:04:22.684804
144.7,0.44,25.0,792.05,3.92,1755.38,1.0,65141.2,19.8,156.0,0.04,0.03,0.4,0.026299752484396217,448.9671557716568,12.368427062165539,36.30928554617855,0.06782329983124882,0.007272749999999989,629.4060918040116,110,hand3,2026-02-08T07:04:22.684804
144.7,0.44,25.0,792.05,3.92,1755.38,1.0,65141.2,19.8,156.0,0.04,0.03,0.4,0.026299752484396217,448.9671557716568,12.368427062165539,36.30928554617855,0.06782329983124882,0.007272749999999989,629.4060918040116,110,hand3,2026-02-08T07:04:22.684804
144.7,0.44,25.0,792.05,3.92,1755.38,1.0,65141.2,19.8,156.0,0.04,0.03,0.4,0.026299752484396217,448.9671557716568,12.368427062165539,36.30928554617855,0.06782329983124882,0.007272749999999989,629.4060918040116,110,hand3,2026-02-08T07:04:22.684804
144.7,0.44,25.0,792.05,3.92,1755.38,1.0,65141.2,19.8,156.0,0.04,0.03,0.4,0.026299752484396217,448.9671557716568,12.368427062165539,36.30928554617855,0.06782329983124882,0.007272749999999989,629.4060918040116,110,hand3,2026-02-08T07:04:22.684804
144.7,0.44,25.0,792.05,3.92,1755.38,1.0,65141.2,19.8,156.0,0.04,0.03,0.4,0.026299752484396217,448.9671557716568,12.368427062165539,36.30928554617855,0.06782329983124882,0.007272749999999989,629.4060918040116,110,hand3,2026-02-08T07:04:22.684804
144.4,-1.31,25.0,749.77,3.71,1855.37,1.0,66368.5,19.7,157.0,0.07,0.05,0.68,0.026299752484396217,448.9671557716568,12.368427062165539,36.30928554617855,0.06782329983124882,0.007272749999999989,629.4060918040116,110,hand3,2026-02-08T07:04:22.684804